track_id,time,lat,lon
T0101,12:40,40.029700,32.853065
T0101,12:45,40.017622,32.853033
T0101,12:50,40.005495,32.853078
T0101,12:55,39.993367,32.853090
T0101,13:00,39.981146,32.853055
T0101,13:05,39.969069,32.853003
T0101,13:10,39.956907,32.853060
T0101,13:15,39.944767,32.853030
T0101,13:20,39.932627,32.853091
T0102,12:40,40.030015,32.853044
T0102,12:45,40.017920,32.853083
T0102,12:50,40.005698,32.853044
T0102,12:55,39.993628,32.853117
T0102,13:00,39.981419,32.853028
T0102,13:05,39.969325,32.853097
T0102,13:10,39.957174,32.853036
T0102,13:15,39.945062,32.853076
T0102,13:20,39.932872,32.853061
T0103,12:40,40.030344,32.853016
T0103,12:45,40.018145,32.853134
T0103,12:50,40.006028,32.853040
T0103,12:55,39.993911,32.853076
T0103,13:00,39.981759,32.853051
T0103,13:05,39.969589,32.853056
T0103,13:10,39.957442,32.853043
T0103,13:15,39.945300,32.853104
T0103,13:20,39.933155,32.853017
T0201,13:00,39.979052,32.927783
T0201,13:05,39.973309,32.920326
T0201,13:10,39.967576,32.912715
T0201,13:15,39.961900,32.905325
T0201,13:20,39.956155,32.897795
T0201,13:25,39.950427,32.890402
T0201,13:30,39.944762,32.883012
T0301,11:45,39.921645,32.884811
T0301,11:50,39.921786,32.884718
T0301,11:55,39.921865,32.884667
T0301,12:00,39.921784,32.884954
T0301,12:05,39.921829,32.884712
T0301,12:10,39.921792,32.884644
T0301,12:15,39.921694,32.884683
T0301,12:20,39.921776,32.884625
T0301,12:25,39.921802,32.884684
T0301,12:30,39.921861,32.884793
T0301,12:35,39.921871,32.884953
T0301,12:40,39.921897,32.884811
T0301,12:45,39.921817,32.884844
T0301,12:50,39.921867,32.884746
T0301,12:55,39.921808,32.884859
T0301,13:00,39.921788,32.884825
T0301,13:05,39.921835,32.884784
T0301,13:10,39.921965,32.884724
T0301,13:15,39.921902,32.884617
T0301,13:20,39.921896,32.884858
T0301,13:25,39.921908,32.884912
T0301,13:30,39.921862,32.884690
T0301,13:35,39.921957,32.884827
T0301,13:40,39.921907,32.884716
T0301,13:45,39.921919,32.884748
T0301,13:50,39.921905,32.884779
T0301,13:55,39.921934,32.884746
T0301,14:00,39.921977,32.884707
T0301,14:05,39.921950,32.884849
T0301,14:10,39.921982,32.884881
T0301,14:15,39.921920,32.884795
T0301,14:20,39.921929,32.884692
T0401,11:30,39.867844,32.923441
T0401,11:35,39.867917,32.923478
T0401,11:40,39.867835,32.923393
T0401,11:45,39.867821,32.923466
T0401,11:50,39.867760,32.923423
T0401,11:55,39.867801,32.923533
T0401,12:00,39.867806,32.923704
T0401,12:05,39.867727,32.923673
T0401,12:10,39.867753,32.923547
T0401,12:15,39.867820,32.923450
T0401,12:20,39.867802,32.923408
T0401,12:25,39.867802,32.923630
T0401,12:30,39.867628,32.923569
T0401,12:35,39.867606,32.923708
T0401,12:40,39.867689,32.923754
T0401,12:45,39.867606,32.923550
T0401,12:50,39.867727,32.923578
T0401,12:55,39.867805,32.923592
T0401,13:00,39.867768,32.923472
T0401,13:05,39.867770,32.923639
T0401,13:10,39.867721,32.923569
T0401,13:15,39.867731,32.923542
T0401,13:20,39.867731,32.923628
T0401,13:25,39.867756,32.923647
T0401,13:30,39.867704,32.923535
T0401,13:35,39.867745,32.923502
T0401,13:40,39.867752,32.923498
T0401,13:45,39.867699,32.923387
T0401,13:50,39.867604,32.923364
T0401,13:55,39.867672,32.923384
T0401,14:00,39.867665,32.923419
T0501,12:00,39.865133,32.855511
T0501,12:05,39.860880,32.858164
T0501,12:10,39.862686,32.855584
T0501,12:15,39.862404,32.849225
T0501,12:20,39.858326,32.851739
T0501,12:25,39.862523,32.848617
T0501,12:30,39.866743,32.856619
T0501,12:35,39.870181,32.852301
T0501,12:40,39.870621,32.859589
T0501,12:45,39.866111,32.855497
T0501,12:50,39.865829,32.847853
T0501,12:55,39.866849,32.837516
T0501,13:00,39.865177,32.845269
T0501,13:05,39.871110,32.846609
T0501,13:10,39.873093,32.845361
T0501,13:15,39.873583,32.848488
T0501,13:20,39.872031,32.857844
T0501,13:25,39.869473,32.850296
T0501,13:30,39.868543,32.847435
T0501,13:35,39.865846,32.848925
T0501,13:40,39.858941,32.849564
T0501,13:45,39.853199,32.851026
T0501,13:50,39.852843,32.854090
T0501,13:55,39.857395,32.845745
T0501,14:00,39.852284,32.849200
T0501,14:05,39.851224,32.855774
T0501,14:10,39.858216,32.854272
T0502,12:00,39.859200,32.852933
T0502,12:05,39.861746,32.855475
T0502,12:10,39.865364,32.853476
T0502,12:15,39.864715,32.858885
T0502,12:20,39.865734,32.862316
T0502,12:25,39.868483,32.857047
T0502,12:30,39.868048,32.860008
T0502,12:35,39.864619,32.857634
T0502,12:40,39.863811,32.852861
T0502,12:45,39.855855,32.853138
T0502,12:50,39.856583,32.855911
T0502,12:55,39.858611,32.852671
T0502,13:00,39.855821,32.858610
T0502,13:05,39.860118,32.852250
T0502,13:10,39.857266,32.861005
T0502,13:15,39.858016,32.858284
T0502,13:20,39.852866,32.857613
T0502,13:25,39.851906,32.852695
T0502,13:30,39.850303,32.847042
T0502,13:35,39.854518,32.850417
T0502,13:40,39.856175,32.860089
T0502,13:45,39.852872,32.858373
T0502,13:50,39.858039,32.852983
T0502,13:55,39.859714,32.844876
T0502,14:00,39.861442,32.838829
T0502,14:05,39.859805,32.845570
T0502,14:10,39.857890,32.840003
T0601,12:50,39.902743,32.828218
T0601,12:55,39.897357,32.816008
T0601,13:00,39.891951,32.803777
T0601,13:05,39.886529,32.791636
T0601,13:10,39.881126,32.779489
T0601,13:15,39.875749,32.767231
T0601,13:20,39.870372,32.755083
T0601,13:25,39.864926,32.742941
T0601,13:30,39.859542,32.730784
T0602,12:50,39.902919,32.828524
T0602,12:55,39.897470,32.816304
T0602,13:00,39.892109,32.804101
T0602,13:05,39.886698,32.791976
T0602,13:10,39.881260,32.779835
T0602,13:15,39.875884,32.767622
T0602,13:20,39.870427,32.755427
T0602,13:25,39.865158,32.743280
T0602,13:30,39.859721,32.731076
T0603,12:50,39.903064,32.828769
T0603,12:55,39.897635,32.816599
T0603,13:00,39.892279,32.804448
T0603,13:05,39.886787,32.792238
T0603,13:10,39.881444,32.780089
T0603,13:15,39.876060,32.767928
T0603,13:20,39.870634,32.755681
T0603,13:25,39.865255,32.743587
T0603,13:30,39.859839,32.731390
T0701,12:50,39.921797,32.770977
T0701,12:55,39.921822,32.778038
T0701,13:00,39.921815,32.784956
T0701,13:05,39.921837,32.792068
T0701,13:10,39.921790,32.799045
T0701,13:15,39.921861,32.806165
T0701,13:20,39.921826,32.813163
T0701,13:25,39.921842,32.820224
T0701,13:30,39.921824,32.827275
T0801,12:45,39.979056,32.778392
T0801,12:50,39.967633,32.793278
T0801,12:55,39.956179,32.808289
T0801,13:00,39.944681,32.823218
T0801,13:05,39.933264,32.838117
T0801,13:10,39.927529,32.845582
T0801,13:15,39.927603,32.845534
T0801,13:20,39.927534,32.845581
T0802,12:45,39.979353,32.778056
T0802,12:50,39.967899,32.792970
T0802,12:55,39.956394,32.807969
T0802,13:00,39.945018,32.822857
T0802,13:05,39.933539,32.837820
T0802,13:10,39.927799,32.845296
T0802,13:15,39.927816,32.845337
T0802,13:20,39.927849,32.845285
